P1_A1;180504_SND405_A_L001_AIMI-10;SPY173250_01;Guadeloupe;teleo
P1_A2;180504_SND405_A_L001_AIMI-10;SPY173250_02;Guadeloupe;teleo
P1_A3;180504_SND405_A_L001_AIMI-10;SPY173250_03;Guadeloupe;teleo
P1_A4;180504_SND405_A_L001_AIMI-10;SPY173250_04;Guadeloupe;teleo
P1_A5;180504_SND405_A_L001_AIMI-10;SPY173250_05;Guadeloupe;teleo
P1_A6;180504_SND405_A_L001_AIMI-10;SPY173250_06;Guadeloupe;teleo
P1_A7;180504_SND405_A_L001_AIMI-10;SPY173250_07;Guadeloupe;teleo
P1_A8;180504_SND405_A_L001_AIMI-10;SPY173250_08;Guadeloupe;teleo
P1_A9;180504_SND405_A_L001_AIMI-10;SPY173250_09;Guadeloupe;teleo
P1_A10;180504_SND405_A_L001_AIMI-10;SPY173250_10;Guadeloupe;teleo
P1_A11;180504_SND405_A_L001_AIMI-10;SPY173250_11;Guadeloupe;teleo
P1_A12;180504_SND405_A_L001_AIMI-10;SPY173250_12;Guadeloupe;teleo
P1_B1;180504_SND405_A_L001_AIMI-10;SPY173251_01;Guadeloupe;teleo
P1_B2;180504_SND405_A_L001_AIMI-10;SPY173251_02;Guadeloupe;teleo
P1_B3;180504_SND405_A_L001_AIMI-10;SPY173251_03;Guadeloupe;teleo
P1_B4;180504_SND405_A_L001_AIMI-10;SPY173251_04;Guadeloupe;teleo
P1_B5;180504_SND405_A_L001_AIMI-10;SPY173251_05;Guadeloupe;teleo
P1_B6;180504_SND405_A_L001_AIMI-10;SPY173251_06;Guadeloupe;teleo
P1_B7;180504_SND405_A_L001_AIMI-10;SPY173251_07;Guadeloupe;teleo
P1_B8;180504_SND405_A_L001_AIMI-10;SPY173251_08;Guadeloupe;teleo
P1_B9;180504_SND405_A_L001_AIMI-10;SPY173251_09;Guadeloupe;teleo
P1_B10;180504_SND405_A_L001_AIMI-10;SPY173251_10;Guadeloupe;teleo
P1_B11;180504_SND405_A_L001_AIMI-10;SPY173251_11;Guadeloupe;teleo
P1_B12;180504_SND405_A_L001_AIMI-10;SPY173251_12;Guadeloupe;teleo
P1_C1;180504_SND405_A_L001_AIMI-10;SPY173252_01;Guadeloupe;teleo
P1_C2;180504_SND405_A_L001_AIMI-10;SPY173252_02;Guadeloupe;teleo
P1_C3;180504_SND405_A_L001_AIMI-10;SPY173252_03;Guadeloupe;teleo
P1_C4;180504_SND405_A_L001_AIMI-10;SPY173252_04;Guadeloupe;teleo
P1_C5;180504_SND405_A_L001_AIMI-10;SPY173252_05;Guadeloupe;teleo
P1_C6;180504_SND405_A_L001_AIMI-10;SPY173252_06;Guadeloupe;teleo
P1_C7;180504_SND405_A_L001_AIMI-10;SPY173252_07;Guadeloupe;teleo
P1_C8;180504_SND405_A_L001_AIMI-10;SPY173252_08;Guadeloupe;teleo
P1_C9;180504_SND405_A_L001_AIMI-10;SPY173252_09;Guadeloupe;teleo
P1_C10;180504_SND405_A_L001_AIMI-10;SPY173252_10;Guadeloupe;teleo
P1_C11;180504_SND405_A_L001_AIMI-10;SPY173252_11;Guadeloupe;teleo
P1_C12;180504_SND405_A_L001_AIMI-10;SPY173252_12;Guadeloupe;teleo
P1_D1;180504_SND405_A_L001_AIMI-10;SPY173253_01;Guadeloupe;teleo
P1_D2;180504_SND405_A_L001_AIMI-10;SPY173253_02;Guadeloupe;teleo
P1_D3;180504_SND405_A_L001_AIMI-10;SPY173253_03;Guadeloupe;teleo
P1_D4;180504_SND405_A_L001_AIMI-10;SPY173253_04;Guadeloupe;teleo
P1_D5;180504_SND405_A_L001_AIMI-10;SPY173253_05;Guadeloupe;teleo
P1_D6;180504_SND405_A_L001_AIMI-10;SPY173253_06;Guadeloupe;teleo
P1_D7;180504_SND405_A_L001_AIMI-10;SPY173253_07;Guadeloupe;teleo
P1_D8;180504_SND405_A_L001_AIMI-10;SPY173253_08;Guadeloupe;teleo
P1_D9;180504_SND405_A_L001_AIMI-10;SPY173253_09;Guadeloupe;teleo
P1_D10;180504_SND405_A_L001_AIMI-10;SPY173253_10;Guadeloupe;teleo
P1_D11;180504_SND405_A_L001_AIMI-10;SPY173253_11;Guadeloupe;teleo
P1_D12;180504_SND405_A_L001_AIMI-10;SPY173253_12;Guadeloupe;teleo
P1_E1;180504_SND405_A_L001_AIMI-10;SPY173254_01;Guadeloupe;teleo
P1_E2;180504_SND405_A_L001_AIMI-10;SPY173254_02;Guadeloupe;teleo
P1_E3;180504_SND405_A_L001_AIMI-10;SPY173254_03;Guadeloupe;teleo
P1_E4;180504_SND405_A_L001_AIMI-10;SPY173254_04;Guadeloupe;teleo
P1_E5;180504_SND405_A_L001_AIMI-10;SPY173254_05;Guadeloupe;teleo
P1_E6;180504_SND405_A_L001_AIMI-10;SPY173254_06;Guadeloupe;teleo
P1_E7;180504_SND405_A_L001_AIMI-10;SPY173254_07;Guadeloupe;teleo
P1_E8;180504_SND405_A_L001_AIMI-10;SPY173254_08;Guadeloupe;teleo
P1_E9;180504_SND405_A_L001_AIMI-10;SPY173254_09;Guadeloupe;teleo
P1_E10;180504_SND405_A_L001_AIMI-10;SPY173254_10;Guadeloupe;teleo
P1_E11;180504_SND405_A_L001_AIMI-10;SPY173254_11;Guadeloupe;teleo
P1_E12;180504_SND405_A_L001_AIMI-10;SPY173254_12;Guadeloupe;teleo
P1_F1;180504_SND405_A_L001_AIMI-10;SPY173255_01;Guadeloupe;teleo
P1_F2;180504_SND405_A_L001_AIMI-10;SPY173255_02;Guadeloupe;teleo
P1_F3;180504_SND405_A_L001_AIMI-10;SPY173255_03;Guadeloupe;teleo
P1_F4;180504_SND405_A_L001_AIMI-10;SPY173255_04;Guadeloupe;teleo
P1_F5;180504_SND405_A_L001_AIMI-10;SPY173255_05;Guadeloupe;teleo
P1_F6;180504_SND405_A_L001_AIMI-10;SPY173255_06;Guadeloupe;teleo
P1_F7;180504_SND405_A_L001_AIMI-10;SPY173255_07;Guadeloupe;teleo
P1_F8;180504_SND405_A_L001_AIMI-10;SPY173255_08;Guadeloupe;teleo
P1_F9;180504_SND405_A_L001_AIMI-10;SPY173255_09;Guadeloupe;teleo
P1_F10;180504_SND405_A_L001_AIMI-10;SPY173255_10;Guadeloupe;teleo
P1_F11;180504_SND405_A_L001_AIMI-10;SPY173255_11;Guadeloupe;teleo
P1_F12;180504_SND405_A_L001_AIMI-10;SPY173255_12;Guadeloupe;teleo
P1_G1;180504_SND405_A_L001_AIMI-10;SPY173256_01;Guadeloupe;teleo
P1_G2;180504_SND405_A_L001_AIMI-10;SPY173256_02;Guadeloupe;teleo
P1_G3;180504_SND405_A_L001_AIMI-10;SPY173256_03;Guadeloupe;teleo
P1_G4;180504_SND405_A_L001_AIMI-10;SPY173256_04;Guadeloupe;teleo
P1_G5;180504_SND405_A_L001_AIMI-10;SPY173256_05;Guadeloupe;teleo
P1_G6;180504_SND405_A_L001_AIMI-10;SPY173256_06;Guadeloupe;teleo
P1_G7;180504_SND405_A_L001_AIMI-10;SPY173256_07;Guadeloupe;teleo
P1_G8;180504_SND405_A_L001_AIMI-10;SPY173256_08;Guadeloupe;teleo
P1_G9;180504_SND405_A_L001_AIMI-10;SPY173256_09;Guadeloupe;teleo
P1_G10;180504_SND405_A_L001_AIMI-10;SPY173256_10;Guadeloupe;teleo
P1_G11;180504_SND405_A_L001_AIMI-10;SPY173256_11;Guadeloupe;teleo
P1_G12;180504_SND405_A_L001_AIMI-10;SPY173256_12;Guadeloupe;teleo
P1_H1;180504_SND405_A_L001_AIMI-10;SPY173257_01;Guadeloupe;teleo
P1_H2;180504_SND405_A_L001_AIMI-10;SPY173257_02;Guadeloupe;teleo
P1_H3;180504_SND405_A_L001_AIMI-10;SPY173257_03;Guadeloupe;teleo
P1_H4;180504_SND405_A_L001_AIMI-10;SPY173257_04;Guadeloupe;teleo
P1_H5;180504_SND405_A_L001_AIMI-10;SPY173257_05;Guadeloupe;teleo
P1_H6;180504_SND405_A_L001_AIMI-10;SPY173257_06;Guadeloupe;teleo
P1_H7;180504_SND405_A_L001_AIMI-10;SPY173257_07;Guadeloupe;teleo
P1_H8;180504_SND405_A_L001_AIMI-10;SPY173257_08;Guadeloupe;teleo
P1_H9;180504_SND405_A_L001_AIMI-10;SPY173257_09;Guadeloupe;teleo
P1_H10;180504_SND405_A_L001_AIMI-10;SPY173257_10;Guadeloupe;teleo
P1_H11;180504_SND405_A_L001_AIMI-10;SPY173257_11;Guadeloupe;teleo
P1_H12;180504_SND405_A_L001_AIMI-10;SPY173257_12;Guadeloupe;teleo
P2_A1;180504_SND405_A_L001_AIMI-10;SPY173258_01;Guadeloupe;teleo
P2_A2;180504_SND405_A_L001_AIMI-10;SPY173258_02;Guadeloupe;teleo
P2_A3;180504_SND405_A_L001_AIMI-10;SPY173258_03;Guadeloupe;teleo
P2_A4;180504_SND405_A_L001_AIMI-10;SPY173258_04;Guadeloupe;teleo
P2_A5;180504_SND405_A_L001_AIMI-10;SPY173258_05;Guadeloupe;teleo
P2_A6;180504_SND405_A_L001_AIMI-10;SPY173258_06;Guadeloupe;teleo
P2_A7;180504_SND405_A_L001_AIMI-10;SPY173258_07;Guadeloupe;teleo
P2_A8;180504_SND405_A_L001_AIMI-10;SPY173258_08;Guadeloupe;teleo
P2_A9;180504_SND405_A_L001_AIMI-10;SPY173258_09;Guadeloupe;teleo
P2_A10;180504_SND405_A_L001_AIMI-10;SPY173258_10;Guadeloupe;teleo
P2_A11;180504_SND405_A_L001_AIMI-10;SPY173258_11;Guadeloupe;teleo
P2_A12;180504_SND405_A_L001_AIMI-10;SPY173258_12;Guadeloupe;teleo
P2_B1;180504_SND405_A_L001_AIMI-10;SPY173259_01;Guadeloupe;teleo
P2_B2;180504_SND405_A_L001_AIMI-10;SPY173259_02;Guadeloupe;teleo
P2_B3;180504_SND405_A_L001_AIMI-10;SPY173259_03;Guadeloupe;teleo
P2_B4;180504_SND405_A_L001_AIMI-10;SPY173259_04;Guadeloupe;teleo
P2_B5;180504_SND405_A_L001_AIMI-10;SPY173259_05;Guadeloupe;teleo
P2_B6;180504_SND405_A_L001_AIMI-10;SPY173259_06;Guadeloupe;teleo
P2_B7;180504_SND405_A_L001_AIMI-10;SPY173259_07;Guadeloupe;teleo
P2_B8;180504_SND405_A_L001_AIMI-10;SPY173259_08;Guadeloupe;teleo
P2_B9;180504_SND405_A_L001_AIMI-10;SPY173259_09;Guadeloupe;teleo
P2_B10;180504_SND405_A_L001_AIMI-10;SPY173259_10;Guadeloupe;teleo
P2_B11;180504_SND405_A_L001_AIMI-10;SPY173259_11;Guadeloupe;teleo
P2_B12;180504_SND405_A_L001_AIMI-10;SPY173259_12;Guadeloupe;teleo
P2_C1;180504_SND405_A_L001_AIMI-10;SPY173260_01;Guadeloupe;teleo
P2_C2;180504_SND405_A_L001_AIMI-10;SPY173260_02;Guadeloupe;teleo
P2_C3;180504_SND405_A_L001_AIMI-10;SPY173260_03;Guadeloupe;teleo
P2_C4;180504_SND405_A_L001_AIMI-10;SPY173260_04;Guadeloupe;teleo
P2_C5;180504_SND405_A_L001_AIMI-10;SPY173260_05;Guadeloupe;teleo
P2_C6;180504_SND405_A_L001_AIMI-10;SPY173260_06;Guadeloupe;teleo
P2_C7;180504_SND405_A_L001_AIMI-10;SPY173260_07;Guadeloupe;teleo
P2_C8;180504_SND405_A_L001_AIMI-10;SPY173260_08;Guadeloupe;teleo
P2_C9;180504_SND405_A_L001_AIMI-10;SPY173260_09;Guadeloupe;teleo
P2_C10;180504_SND405_A_L001_AIMI-10;SPY173260_10;Guadeloupe;teleo
P2_C11;180504_SND405_A_L001_AIMI-10;SPY173260_11;Guadeloupe;teleo
P2_C12;180504_SND405_A_L001_AIMI-10;SPY173260_12;Guadeloupe;teleo
P2_D1;180504_SND405_A_L001_AIMI-10;SPY173261_01;Guadeloupe;teleo
P2_D2;180504_SND405_A_L001_AIMI-10;SPY173261_02;Guadeloupe;teleo
P2_D3;180504_SND405_A_L001_AIMI-10;SPY173261_03;Guadeloupe;teleo
P2_D4;180504_SND405_A_L001_AIMI-10;SPY173261_04;Guadeloupe;teleo
P2_D5;180504_SND405_A_L001_AIMI-10;SPY173261_05;Guadeloupe;teleo
P2_D6;180504_SND405_A_L001_AIMI-10;SPY173261_06;Guadeloupe;teleo
P2_D7;180504_SND405_A_L001_AIMI-10;SPY173261_07;Guadeloupe;teleo
P2_D8;180504_SND405_A_L001_AIMI-10;SPY173261_08;Guadeloupe;teleo
P2_D9;180504_SND405_A_L001_AIMI-10;SPY173261_09;Guadeloupe;teleo
P2_D10;180504_SND405_A_L001_AIMI-10;SPY173261_10;Guadeloupe;teleo
P2_D11;180504_SND405_A_L001_AIMI-10;SPY173261_11;Guadeloupe;teleo
P2_D12;180504_SND405_A_L001_AIMI-10;SPY173261_12;Guadeloupe;teleo
P2_E1;180504_SND405_A_L001_AIMI-10;SPY173262_01;Guadeloupe;teleo
P2_E2;180504_SND405_A_L001_AIMI-10;SPY173262_02;Guadeloupe;teleo
P2_E3;180504_SND405_A_L001_AIMI-10;SPY173262_03;Guadeloupe;teleo
P2_E4;180504_SND405_A_L001_AIMI-10;SPY173262_04;Guadeloupe;teleo
P2_E5;180504_SND405_A_L001_AIMI-10;SPY173262_05;Guadeloupe;teleo
P2_E6;180504_SND405_A_L001_AIMI-10;SPY173262_06;Guadeloupe;teleo
P2_E7;180504_SND405_A_L001_AIMI-10;SPY173262_07;Guadeloupe;teleo
P2_E8;180504_SND405_A_L001_AIMI-10;SPY173262_08;Guadeloupe;teleo
P2_E9;180504_SND405_A_L001_AIMI-10;SPY173262_09;Guadeloupe;teleo
P2_E10;180504_SND405_A_L001_AIMI-10;SPY173262_10;Guadeloupe;teleo
P2_E11;180504_SND405_A_L001_AIMI-10;SPY173262_11;Guadeloupe;teleo
P2_E12;180504_SND405_A_L001_AIMI-10;SPY173262_12;Guadeloupe;teleo
P2_F1;180504_SND405_A_L001_AIMI-10;SPY173263_01;Guadeloupe;teleo
P2_F2;180504_SND405_A_L001_AIMI-10;SPY173263_02;Guadeloupe;teleo
P2_F3;180504_SND405_A_L001_AIMI-10;SPY173263_03;Guadeloupe;teleo
P2_F4;180504_SND405_A_L001_AIMI-10;SPY173263_04;Guadeloupe;teleo
P2_F5;180504_SND405_A_L001_AIMI-10;SPY173263_05;Guadeloupe;teleo
P2_F6;180504_SND405_A_L001_AIMI-10;SPY173263_06;Guadeloupe;teleo
P2_F7;180504_SND405_A_L001_AIMI-10;SPY173263_07;Guadeloupe;teleo
P2_F8;180504_SND405_A_L001_AIMI-10;SPY173263_08;Guadeloupe;teleo
P2_F9;180504_SND405_A_L001_AIMI-10;SPY173263_09;Guadeloupe;teleo
P2_F10;180504_SND405_A_L001_AIMI-10;SPY173263_10;Guadeloupe;teleo
P2_F11;180504_SND405_A_L001_AIMI-10;SPY173263_11;Guadeloupe;teleo
P2_F12;180504_SND405_A_L001_AIMI-10;SPY173263_12;Guadeloupe;teleo
P2_G1;180504_SND405_A_L001_AIMI-10;SPY173264_01;Guadeloupe;teleo
P2_G2;180504_SND405_A_L001_AIMI-10;SPY173264_02;Guadeloupe;teleo
P2_G3;180504_SND405_A_L001_AIMI-10;SPY173264_03;Guadeloupe;teleo
P2_G4;180504_SND405_A_L001_AIMI-10;SPY173264_04;Guadeloupe;teleo
P2_G5;180504_SND405_A_L001_AIMI-10;SPY173264_05;Guadeloupe;teleo
P2_G6;180504_SND405_A_L001_AIMI-10;SPY173264_06;Guadeloupe;teleo
P2_G7;180504_SND405_A_L001_AIMI-10;SPY173264_07;Guadeloupe;teleo
P2_G8;180504_SND405_A_L001_AIMI-10;SPY173264_08;Guadeloupe;teleo
P2_G9;180504_SND405_A_L001_AIMI-10;SPY173264_09;Guadeloupe;teleo
P2_G10;180504_SND405_A_L001_AIMI-10;SPY173264_10;Guadeloupe;teleo
P2_G11;180504_SND405_A_L001_AIMI-10;SPY173264_11;Guadeloupe;teleo
P2_G12;180504_SND405_A_L001_AIMI-10;SPY173264_12;Guadeloupe;teleo
P2_H1;180504_SND405_A_L001_AIMI-10;SPY173265_01;Guadeloupe;teleo
P2_H2;180504_SND405_A_L001_AIMI-10;SPY173265_02;Guadeloupe;teleo
P2_H3;180504_SND405_A_L001_AIMI-10;SPY173265_03;Guadeloupe;teleo
P2_H4;180504_SND405_A_L001_AIMI-10;SPY173265_04;Guadeloupe;teleo
P2_H5;180504_SND405_A_L001_AIMI-10;SPY173265_05;Guadeloupe;teleo
P2_H6;180504_SND405_A_L001_AIMI-10;SPY173265_06;Guadeloupe;teleo
P2_H7;180504_SND405_A_L001_AIMI-10;SPY173265_07;Guadeloupe;teleo
P2_H8;180504_SND405_A_L001_AIMI-10;SPY173265_08;Guadeloupe;teleo
P2_H9;180504_SND405_A_L001_AIMI-10;SPY173265_09;Guadeloupe;teleo
P2_H10;180504_SND405_A_L001_AIMI-10;SPY173265_10;Guadeloupe;teleo
P2_H11;180504_SND405_A_L001_AIMI-10;SPY173265_11;Guadeloupe;teleo
P2_H12;180504_SND405_A_L001_AIMI-10;SPY173265_12;Guadeloupe;teleo
P3_A1;180504_SND405_A_L001_AIMI-10;SPY173266_01;Guadeloupe;teleo
P3_A2;180504_SND405_A_L001_AIMI-10;SPY173266_02;Guadeloupe;teleo
P3_A3;180504_SND405_A_L001_AIMI-10;SPY173266_03;Guadeloupe;teleo
P3_A4;180504_SND405_A_L001_AIMI-10;SPY173266_04;Guadeloupe;teleo
P3_A5;180504_SND405_A_L001_AIMI-10;SPY173266_05;Guadeloupe;teleo
P3_A6;180504_SND405_A_L001_AIMI-10;SPY173266_06;Guadeloupe;teleo
P3_A7;180504_SND405_A_L001_AIMI-10;SPY173266_07;Guadeloupe;teleo
P3_A8;180504_SND405_A_L001_AIMI-10;SPY173266_08;Guadeloupe;teleo
P3_A9;180504_SND405_A_L001_AIMI-10;SPY173266_09;Guadeloupe;teleo
P3_A10;180504_SND405_A_L001_AIMI-10;SPY173266_10;Guadeloupe;teleo
P3_A11;180504_SND405_A_L001_AIMI-10;SPY173266_11;Guadeloupe;teleo
P3_A12;180504_SND405_A_L001_AIMI-10;SPY173266_12;Guadeloupe;teleo
P3_B1;180504_SND405_A_L001_AIMI-10;CEXT_27_03_01;Guadeloupe;teleo
P3_B2;180504_SND405_A_L001_AIMI-10;CEXT_27_03_02;Guadeloupe;teleo
P3_B3;180504_SND405_A_L001_AIMI-10;CEXT_27_03_03;Guadeloupe;teleo
P3_B4;180504_SND405_A_L001_AIMI-10;CEXT_27_03_04;Guadeloupe;teleo
P3_B5;180504_SND405_A_L001_AIMI-10;CEXT_27_03_05;Guadeloupe;teleo
P3_B6;180504_SND405_A_L001_AIMI-10;CEXT_27_03_06;Guadeloupe;teleo
P3_B7;180504_SND405_A_L001_AIMI-10;CEXT_27_03_07;Guadeloupe;teleo
P3_B8;180504_SND405_A_L001_AIMI-10;CEXT_27_03_08;Guadeloupe;teleo
P3_B9;180504_SND405_A_L001_AIMI-10;CEXT_27_03_09;Guadeloupe;teleo
P3_B10;180504_SND405_A_L001_AIMI-10;CEXT_27_03_10;Guadeloupe;teleo
P3_B11;180504_SND405_A_L001_AIMI-10;CEXT_27_03_11;Guadeloupe;teleo
P3_B12;180504_SND405_A_L001_AIMI-10;CEXT_27_03_12;Guadeloupe;teleo
P3_C1;180504_SND405_A_L001_AIMI-10;SPY173267_01;Guadeloupe;teleo
P3_C2;180504_SND405_A_L001_AIMI-10;SPY173267_02;Guadeloupe;teleo
P3_C3;180504_SND405_A_L001_AIMI-10;SPY173267_03;Guadeloupe;teleo
P3_C4;180504_SND405_A_L001_AIMI-10;SPY173267_04;Guadeloupe;teleo
P3_C5;180504_SND405_A_L001_AIMI-10;SPY173267_05;Guadeloupe;teleo
P3_C6;180504_SND405_A_L001_AIMI-10;SPY173267_06;Guadeloupe;teleo
P3_C7;180504_SND405_A_L001_AIMI-10;SPY173267_07;Guadeloupe;teleo
P3_C8;180504_SND405_A_L001_AIMI-10;SPY173267_08;Guadeloupe;teleo
P3_C9;180504_SND405_A_L001_AIMI-10;SPY173267_09;Guadeloupe;teleo
P3_C10;180504_SND405_A_L001_AIMI-10;SPY173267_10;Guadeloupe;teleo
P3_C11;180504_SND405_A_L001_AIMI-10;SPY173267_11;Guadeloupe;teleo
P3_C12;180504_SND405_A_L001_AIMI-10;SPY173267_12;Guadeloupe;teleo
P3_D1;180504_SND405_A_L001_AIMI-10;SPY173268_01;Guadeloupe;teleo
P3_D2;180504_SND405_A_L001_AIMI-10;SPY173268_02;Guadeloupe;teleo
P3_D3;180504_SND405_A_L001_AIMI-10;SPY173268_03;Guadeloupe;teleo
P3_D4;180504_SND405_A_L001_AIMI-10;SPY173268_04;Guadeloupe;teleo
P3_D5;180504_SND405_A_L001_AIMI-10;SPY173268_05;Guadeloupe;teleo
P3_D6;180504_SND405_A_L001_AIMI-10;SPY173268_06;Guadeloupe;teleo
P3_D7;180504_SND405_A_L001_AIMI-10;SPY173268_07;Guadeloupe;teleo
P3_D8;180504_SND405_A_L001_AIMI-10;SPY173268_08;Guadeloupe;teleo
P3_D9;180504_SND405_A_L001_AIMI-10;SPY173268_09;Guadeloupe;teleo
P3_D10;180504_SND405_A_L001_AIMI-10;SPY173268_10;Guadeloupe;teleo
P3_D11;180504_SND405_A_L001_AIMI-10;SPY173268_11;Guadeloupe;teleo
P3_D12;180504_SND405_A_L001_AIMI-10;SPY173268_12;Guadeloupe;teleo
P3_E1;180504_SND405_A_L001_AIMI-10;SPY173269_01;Guadeloupe;teleo
P3_E2;180504_SND405_A_L001_AIMI-10;SPY173269_02;Guadeloupe;teleo
P3_E3;180504_SND405_A_L001_AIMI-10;SPY173269_03;Guadeloupe;teleo
P3_E4;180504_SND405_A_L001_AIMI-10;SPY173269_04;Guadeloupe;teleo
P3_E5;180504_SND405_A_L001_AIMI-10;SPY173269_05;Guadeloupe;teleo
P3_E6;180504_SND405_A_L001_AIMI-10;SPY173269_06;Guadeloupe;teleo
P3_E7;180504_SND405_A_L001_AIMI-10;SPY173269_07;Guadeloupe;teleo
P3_E8;180504_SND405_A_L001_AIMI-10;SPY173269_08;Guadeloupe;teleo
P3_E9;180504_SND405_A_L001_AIMI-10;SPY173269_09;Guadeloupe;teleo
P3_E10;180504_SND405_A_L001_AIMI-10;SPY173269_10;Guadeloupe;teleo
P3_E11;180504_SND405_A_L001_AIMI-10;SPY173269_11;Guadeloupe;teleo
P3_E12;180504_SND405_A_L001_AIMI-10;SPY173269_12;Guadeloupe;teleo
P3_F1;180504_SND405_A_L001_AIMI-10;SPY173270_01;Guadeloupe;teleo
P3_F2;180504_SND405_A_L001_AIMI-10;SPY173270_02;Guadeloupe;teleo
P3_F3;180504_SND405_A_L001_AIMI-10;SPY173270_03;Guadeloupe;teleo
P3_F4;180504_SND405_A_L001_AIMI-10;SPY173270_04;Guadeloupe;teleo
P3_F5;180504_SND405_A_L001_AIMI-10;SPY173270_05;Guadeloupe;teleo
P3_F6;180504_SND405_A_L001_AIMI-10;SPY173270_06;Guadeloupe;teleo
P3_F7;180504_SND405_A_L001_AIMI-10;SPY173270_07;Guadeloupe;teleo
P3_F8;180504_SND405_A_L001_AIMI-10;SPY173270_08;Guadeloupe;teleo
P3_F9;180504_SND405_A_L001_AIMI-10;SPY173270_09;Guadeloupe;teleo
P3_F10;180504_SND405_A_L001_AIMI-10;SPY173270_10;Guadeloupe;teleo
P3_F11;180504_SND405_A_L001_AIMI-10;SPY173270_11;Guadeloupe;teleo
P3_F12;180504_SND405_A_L001_AIMI-10;SPY173270_12;Guadeloupe;teleo
P3_G1;180504_SND405_A_L001_AIMI-10;SPY173271_01;Guadeloupe;teleo
P3_G2;180504_SND405_A_L001_AIMI-10;SPY173271_02;Guadeloupe;teleo
P3_G3;180504_SND405_A_L001_AIMI-10;SPY173271_03;Guadeloupe;teleo
P3_G4;180504_SND405_A_L001_AIMI-10;SPY173271_04;Guadeloupe;teleo
P3_G5;180504_SND405_A_L001_AIMI-10;SPY173271_05;Guadeloupe;teleo
P3_G6;180504_SND405_A_L001_AIMI-10;SPY173271_06;Guadeloupe;teleo
P3_G7;180504_SND405_A_L001_AIMI-10;SPY173271_07;Guadeloupe;teleo
P3_G8;180504_SND405_A_L001_AIMI-10;SPY173271_08;Guadeloupe;teleo
P3_G9;180504_SND405_A_L001_AIMI-10;SPY173271_09;Guadeloupe;teleo
P3_G10;180504_SND405_A_L001_AIMI-10;SPY173271_10;Guadeloupe;teleo
P3_G11;180504_SND405_A_L001_AIMI-10;SPY173271_11;Guadeloupe;teleo
P3_G12;180504_SND405_A_L001_AIMI-10;SPY173271_12;Guadeloupe;teleo
P3_H1;180504_SND405_A_L001_AIMI-10;SPY173272_01;Guadeloupe;teleo
P3_H2;180504_SND405_A_L001_AIMI-10;SPY173272_02;Guadeloupe;teleo
P3_H3;180504_SND405_A_L001_AIMI-10;SPY173272_03;Guadeloupe;teleo
P3_H4;180504_SND405_A_L001_AIMI-10;SPY173272_04;Guadeloupe;teleo
P3_H5;180504_SND405_A_L001_AIMI-10;SPY173272_05;Guadeloupe;teleo
P3_H6;180504_SND405_A_L001_AIMI-10;SPY173272_06;Guadeloupe;teleo
P3_H7;180504_SND405_A_L001_AIMI-10;SPY173272_07;Guadeloupe;teleo
P3_H8;180504_SND405_A_L001_AIMI-10;SPY173272_08;Guadeloupe;teleo
P3_H9;180504_SND405_A_L001_AIMI-10;SPY173272_09;Guadeloupe;teleo
P3_H10;180504_SND405_A_L001_AIMI-10;SPY173272_10;Guadeloupe;teleo
P3_H11;180504_SND405_A_L001_AIMI-10;SPY173272_11;Guadeloupe;teleo
P3_H12;180504_SND405_A_L001_AIMI-10;SPY173272_12;Guadeloupe;teleo
P4_A1;180504_SND405_A_L001_AIMI-10;SPY180501_01;Guadeloupe;teleo
P4_A2;180504_SND405_A_L001_AIMI-10;SPY180501_02;Guadeloupe;teleo
P4_A3;180504_SND405_A_L001_AIMI-10;SPY180501_03;Guadeloupe;teleo
P4_A4;180504_SND405_A_L001_AIMI-10;SPY180501_04;Guadeloupe;teleo
P4_A5;180504_SND405_A_L001_AIMI-10;SPY180501_05;Guadeloupe;teleo
P4_A6;180504_SND405_A_L001_AIMI-10;SPY180501_06;Guadeloupe;teleo
P4_A7;180504_SND405_A_L001_AIMI-10;SPY180501_07;Guadeloupe;teleo
P4_A8;180504_SND405_A_L001_AIMI-10;SPY180501_08;Guadeloupe;teleo
P4_A9;180504_SND405_A_L001_AIMI-10;SPY180501_09;Guadeloupe;teleo
P4_A10;180504_SND405_A_L001_AIMI-10;SPY180501_10;Guadeloupe;teleo
P4_A11;180504_SND405_A_L001_AIMI-10;SPY180501_11;Guadeloupe;teleo
P4_A12;180504_SND405_A_L001_AIMI-10;SPY180501_12;Guadeloupe;teleo
P4_B1;180504_SND405_A_L001_AIMI-10;SPY173273_01;Guadeloupe;teleo
P4_B2;180504_SND405_A_L001_AIMI-10;SPY173273_02;Guadeloupe;teleo
P4_B3;180504_SND405_A_L001_AIMI-10;SPY173273_03;Guadeloupe;teleo
P4_B4;180504_SND405_A_L001_AIMI-10;SPY173273_04;Guadeloupe;teleo
P4_B5;180504_SND405_A_L001_AIMI-10;SPY173273_05;Guadeloupe;teleo
P4_B6;180504_SND405_A_L001_AIMI-10;SPY173273_06;Guadeloupe;teleo
P4_B7;180504_SND405_A_L001_AIMI-10;SPY173273_07;Guadeloupe;teleo
P4_B8;180504_SND405_A_L001_AIMI-10;SPY173273_08;Guadeloupe;teleo
P4_B9;180504_SND405_A_L001_AIMI-10;SPY173273_09;Guadeloupe;teleo
P4_B10;180504_SND405_A_L001_AIMI-10;SPY173273_10;Guadeloupe;teleo
P4_B11;180504_SND405_A_L001_AIMI-10;SPY173273_11;Guadeloupe;teleo
P4_B12;180504_SND405_A_L001_AIMI-10;SPY173273_12;Guadeloupe;teleo
P4_C1;180504_SND405_A_L001_AIMI-10;SPY173274_01;Guadeloupe;teleo
P4_C2;180504_SND405_A_L001_AIMI-10;SPY173274_02;Guadeloupe;teleo
P4_C3;180504_SND405_A_L001_AIMI-10;SPY173274_03;Guadeloupe;teleo
P4_C4;180504_SND405_A_L001_AIMI-10;SPY173274_04;Guadeloupe;teleo
P4_C5;180504_SND405_A_L001_AIMI-10;SPY173274_05;Guadeloupe;teleo
P4_C6;180504_SND405_A_L001_AIMI-10;SPY173274_06;Guadeloupe;teleo
P4_C7;180504_SND405_A_L001_AIMI-10;SPY173274_07;Guadeloupe;teleo
P4_C8;180504_SND405_A_L001_AIMI-10;SPY173274_08;Guadeloupe;teleo
P4_C9;180504_SND405_A_L001_AIMI-10;SPY173274_09;Guadeloupe;teleo
P4_C10;180504_SND405_A_L001_AIMI-10;SPY173274_10;Guadeloupe;teleo
P4_C11;180504_SND405_A_L001_AIMI-10;SPY173274_11;Guadeloupe;teleo
P4_C12;180504_SND405_A_L001_AIMI-10;SPY173274_12;Guadeloupe;teleo
P4_D1;180504_SND405_A_L001_AIMI-10;SPY173275_01;Guadeloupe;teleo
P4_D2;180504_SND405_A_L001_AIMI-10;SPY173275_02;Guadeloupe;teleo
P4_D3;180504_SND405_A_L001_AIMI-10;SPY173275_03;Guadeloupe;teleo
P4_D4;180504_SND405_A_L001_AIMI-10;SPY173275_04;Guadeloupe;teleo
P4_D5;180504_SND405_A_L001_AIMI-10;SPY173275_05;Guadeloupe;teleo
P4_D6;180504_SND405_A_L001_AIMI-10;SPY173275_06;Guadeloupe;teleo
P4_D7;180504_SND405_A_L001_AIMI-10;SPY173275_07;Guadeloupe;teleo
P4_D8;180504_SND405_A_L001_AIMI-10;SPY173275_08;Guadeloupe;teleo
P4_D9;180504_SND405_A_L001_AIMI-10;SPY173275_09;Guadeloupe;teleo
P4_D10;180504_SND405_A_L001_AIMI-10;SPY173275_10;Guadeloupe;teleo
P4_D11;180504_SND405_A_L001_AIMI-10;SPY173275_11;Guadeloupe;teleo
P4_D12;180504_SND405_A_L001_AIMI-10;SPY173275_12;Guadeloupe;teleo
P4_E1;180504_SND405_A_L001_AIMI-10;SPY173276_01;Guadeloupe;teleo
P4_E2;180504_SND405_A_L001_AIMI-10;SPY173276_02;Guadeloupe;teleo
P4_E3;180504_SND405_A_L001_AIMI-10;SPY173276_03;Guadeloupe;teleo
P4_E4;180504_SND405_A_L001_AIMI-10;SPY173276_04;Guadeloupe;teleo
P4_E5;180504_SND405_A_L001_AIMI-10;SPY173276_05;Guadeloupe;teleo
P4_E6;180504_SND405_A_L001_AIMI-10;SPY173276_06;Guadeloupe;teleo
P4_E7;180504_SND405_A_L001_AIMI-10;SPY173276_07;Guadeloupe;teleo
P4_E8;180504_SND405_A_L001_AIMI-10;SPY173276_08;Guadeloupe;teleo
P4_E9;180504_SND405_A_L001_AIMI-10;SPY173276_09;Guadeloupe;teleo
P4_E10;180504_SND405_A_L001_AIMI-10;SPY173276_10;Guadeloupe;teleo
P4_E11;180504_SND405_A_L001_AIMI-10;SPY173276_11;Guadeloupe;teleo
P4_E12;180504_SND405_A_L001_AIMI-10;SPY173276_12;Guadeloupe;teleo
P4_F1;180504_SND405_A_L001_AIMI-10;SPY173278_01;Guadeloupe;teleo
P4_F2;180504_SND405_A_L001_AIMI-10;SPY173278_02;Guadeloupe;teleo
P4_F3;180504_SND405_A_L001_AIMI-10;SPY173278_03;Guadeloupe;teleo
P4_F4;180504_SND405_A_L001_AIMI-10;SPY173278_04;Guadeloupe;teleo
P4_F5;180504_SND405_A_L001_AIMI-10;SPY173278_05;Guadeloupe;teleo
P4_F6;180504_SND405_A_L001_AIMI-10;SPY173278_06;Guadeloupe;teleo
P4_F7;180504_SND405_A_L001_AIMI-10;SPY173278_07;Guadeloupe;teleo
P4_F8;180504_SND405_A_L001_AIMI-10;SPY173278_08;Guadeloupe;teleo
P4_F9;180504_SND405_A_L001_AIMI-10;SPY173278_09;Guadeloupe;teleo
P4_F10;180504_SND405_A_L001_AIMI-10;SPY173278_10;Guadeloupe;teleo
P4_F11;180504_SND405_A_L001_AIMI-10;SPY173278_11;Guadeloupe;teleo
P4_F12;180504_SND405_A_L001_AIMI-10;SPY173278_12;Guadeloupe;teleo
P4_G1;180504_SND405_A_L001_AIMI-10;SPY173279_01;Guadeloupe;teleo
P4_G2;180504_SND405_A_L001_AIMI-10;SPY173279_02;Guadeloupe;teleo
P4_G3;180504_SND405_A_L001_AIMI-10;SPY173279_03;Guadeloupe;teleo
P4_G4;180504_SND405_A_L001_AIMI-10;SPY173279_04;Guadeloupe;teleo
P4_G5;180504_SND405_A_L001_AIMI-10;SPY173279_05;Guadeloupe;teleo
P4_G6;180504_SND405_A_L001_AIMI-10;SPY173279_06;Guadeloupe;teleo
P4_G7;180504_SND405_A_L001_AIMI-10;SPY173279_07;Guadeloupe;teleo
P4_G8;180504_SND405_A_L001_AIMI-10;SPY173279_08;Guadeloupe;teleo
P4_G9;180504_SND405_A_L001_AIMI-10;SPY173279_09;Guadeloupe;teleo
P4_G10;180504_SND405_A_L001_AIMI-10;SPY173279_10;Guadeloupe;teleo
P4_G11;180504_SND405_A_L001_AIMI-10;SPY173279_11;Guadeloupe;teleo
P4_G12;180504_SND405_A_L001_AIMI-10;SPY173279_12;Guadeloupe;teleo
P4_H1;180504_SND405_A_L001_AIMI-10;CPCR_01;Guadeloupe;teleo
P4_H2;180504_SND405_A_L001_AIMI-10;CPCR_02;Guadeloupe;teleo
P4_H3;180504_SND405_A_L001_AIMI-10;CPCR_03;Guadeloupe;teleo
P4_H4;180504_SND405_A_L001_AIMI-10;CPCR_04;Guadeloupe;teleo
P4_H5;180504_SND405_A_L001_AIMI-10;CPCR_05;Guadeloupe;teleo
P4_H6;180504_SND405_A_L001_AIMI-10;CPCR_06;Guadeloupe;teleo
P4_H7;180504_SND405_A_L001_AIMI-10;CPCR_07;Guadeloupe;teleo
P4_H8;180504_SND405_A_L001_AIMI-10;CPCR_08;Guadeloupe;teleo
P4_H9;180504_SND405_A_L001_AIMI-10;CPCR_09;Guadeloupe;teleo
P4_H10;180504_SND405_A_L001_AIMI-10;CPCR_10;Guadeloupe;teleo
P4_H11;180504_SND405_A_L001_AIMI-10;CPCR_11;Guadeloupe;teleo
P4_H12;180504_SND405_A_L001_AIMI-10;CPCR_12;Guadeloupe;teleo
P1_A1;180504_SND405_A_L002_AIMI-11;SPY173280_01;Guadeloupe;teleo
P1_A2;180504_SND405_A_L002_AIMI-11;SPY173280_02;Guadeloupe;teleo
P1_A3;180504_SND405_A_L002_AIMI-11;SPY173280_03;Guadeloupe;teleo
P1_A4;180504_SND405_A_L002_AIMI-11;SPY173280_04;Guadeloupe;teleo
P1_A5;180504_SND405_A_L002_AIMI-11;SPY173280_05;Guadeloupe;teleo
P1_A6;180504_SND405_A_L002_AIMI-11;SPY173280_06;Guadeloupe;teleo
P1_A7;180504_SND405_A_L002_AIMI-11;SPY173280_07;Guadeloupe;teleo
P1_A8;180504_SND405_A_L002_AIMI-11;SPY173280_08;Guadeloupe;teleo
P1_A9;180504_SND405_A_L002_AIMI-11;SPY173280_09;Guadeloupe;teleo
P1_A10;180504_SND405_A_L002_AIMI-11;SPY173280_10;Guadeloupe;teleo
P1_A11;180504_SND405_A_L002_AIMI-11;SPY173280_11;Guadeloupe;teleo
P1_A12;180504_SND405_A_L002_AIMI-11;SPY173280_12;Guadeloupe;teleo
P1_B1;180504_SND405_A_L002_AIMI-11;SPY173281_01;Guadeloupe;teleo
P1_B2;180504_SND405_A_L002_AIMI-11;SPY173281_02;Guadeloupe;teleo
P1_B3;180504_SND405_A_L002_AIMI-11;SPY173281_03;Guadeloupe;teleo
P1_B4;180504_SND405_A_L002_AIMI-11;SPY173281_04;Guadeloupe;teleo
P1_B5;180504_SND405_A_L002_AIMI-11;SPY173281_05;Guadeloupe;teleo
P1_B6;180504_SND405_A_L002_AIMI-11;SPY173281_06;Guadeloupe;teleo
P1_B7;180504_SND405_A_L002_AIMI-11;SPY173281_07;Guadeloupe;teleo
P1_B8;180504_SND405_A_L002_AIMI-11;SPY173281_08;Guadeloupe;teleo
P1_B9;180504_SND405_A_L002_AIMI-11;SPY173281_09;Guadeloupe;teleo
P1_B10;180504_SND405_A_L002_AIMI-11;SPY173281_10;Guadeloupe;teleo
P1_B11;180504_SND405_A_L002_AIMI-11;SPY173281_11;Guadeloupe;teleo
P1_B12;180504_SND405_A_L002_AIMI-11;SPY173281_12;Guadeloupe;teleo
P1_C1;180504_SND405_A_L002_AIMI-11;SPY173282_01;Guadeloupe;teleo
P1_C2;180504_SND405_A_L002_AIMI-11;SPY173282_02;Guadeloupe;teleo
P1_C3;180504_SND405_A_L002_AIMI-11;SPY173282_03;Guadeloupe;teleo
P1_C4;180504_SND405_A_L002_AIMI-11;SPY173282_04;Guadeloupe;teleo
P1_C5;180504_SND405_A_L002_AIMI-11;SPY173282_05;Guadeloupe;teleo
P1_C6;180504_SND405_A_L002_AIMI-11;SPY173282_06;Guadeloupe;teleo
P1_C7;180504_SND405_A_L002_AIMI-11;SPY173282_07;Guadeloupe;teleo
P1_C8;180504_SND405_A_L002_AIMI-11;SPY173282_08;Guadeloupe;teleo
P1_C9;180504_SND405_A_L002_AIMI-11;SPY173282_09;Guadeloupe;teleo
P1_C10;180504_SND405_A_L002_AIMI-11;SPY173282_10;Guadeloupe;teleo
P1_C11;180504_SND405_A_L002_AIMI-11;SPY173282_11;Guadeloupe;teleo
P1_C12;180504_SND405_A_L002_AIMI-11;SPY173282_12;Guadeloupe;teleo
P1_D1;180504_SND405_A_L002_AIMI-11;SPY173283_01;Guadeloupe;teleo
P1_D2;180504_SND405_A_L002_AIMI-11;SPY173283_02;Guadeloupe;teleo
P1_D3;180504_SND405_A_L002_AIMI-11;SPY173283_03;Guadeloupe;teleo
P1_D4;180504_SND405_A_L002_AIMI-11;SPY173283_04;Guadeloupe;teleo
P1_D5;180504_SND405_A_L002_AIMI-11;SPY173283_05;Guadeloupe;teleo
P1_D6;180504_SND405_A_L002_AIMI-11;SPY173283_06;Guadeloupe;teleo
P1_D7;180504_SND405_A_L002_AIMI-11;SPY173283_07;Guadeloupe;teleo
P1_D8;180504_SND405_A_L002_AIMI-11;SPY173283_08;Guadeloupe;teleo
P1_D9;180504_SND405_A_L002_AIMI-11;SPY173283_09;Guadeloupe;teleo
P1_D10;180504_SND405_A_L002_AIMI-11;SPY173283_10;Guadeloupe;teleo
P1_D11;180504_SND405_A_L002_AIMI-11;SPY173283_11;Guadeloupe;teleo
P1_D12;180504_SND405_A_L002_AIMI-11;SPY173283_12;Guadeloupe;teleo
P1_E1;180504_SND405_A_L002_AIMI-11;CMET_20_03_01;Guadeloupe;teleo
P1_E2;180504_SND405_A_L002_AIMI-11;CMET_20_03_02;Guadeloupe;teleo
P1_E3;180504_SND405_A_L002_AIMI-11;CMET_20_03_03;Guadeloupe;teleo
P1_E4;180504_SND405_A_L002_AIMI-11;CMET_20_03_04;Guadeloupe;teleo
P1_E5;180504_SND405_A_L002_AIMI-11;CMET_20_03_05;Guadeloupe;teleo
P1_E6;180504_SND405_A_L002_AIMI-11;CMET_20_03_06;Guadeloupe;teleo
P1_E7;180504_SND405_A_L002_AIMI-11;CMET_20_03_07;Guadeloupe;teleo
P1_E8;180504_SND405_A_L002_AIMI-11;CMET_20_03_08;Guadeloupe;teleo
P1_E9;180504_SND405_A_L002_AIMI-11;CMET_20_03_09;Guadeloupe;teleo
P1_E10;180504_SND405_A_L002_AIMI-11;CMET_20_03_10;Guadeloupe;teleo
P1_E11;180504_SND405_A_L002_AIMI-11;CMET_20_03_11;Guadeloupe;teleo
P1_E12;180504_SND405_A_L002_AIMI-11;CMET_20_03_12;Guadeloupe;teleo
P1_F1;180504_SND405_A_L002_AIMI-11;CEXT_28_03_01;Guadeloupe;teleo
P1_F2;180504_SND405_A_L002_AIMI-11;CEXT_28_03_02;Guadeloupe;teleo
P1_F3;180504_SND405_A_L002_AIMI-11;CEXT_28_03_03;Guadeloupe;teleo
P1_F4;180504_SND405_A_L002_AIMI-11;CEXT_28_03_04;Guadeloupe;teleo
P1_F5;180504_SND405_A_L002_AIMI-11;CEXT_28_03_05;Guadeloupe;teleo
P1_F6;180504_SND405_A_L002_AIMI-11;CEXT_28_03_06;Guadeloupe;teleo
P1_F7;180504_SND405_A_L002_AIMI-11;CEXT_28_03_07;Guadeloupe;teleo
P1_F8;180504_SND405_A_L002_AIMI-11;CEXT_28_03_08;Guadeloupe;teleo
P1_F9;180504_SND405_A_L002_AIMI-11;CEXT_28_03_09;Guadeloupe;teleo
P1_F10;180504_SND405_A_L002_AIMI-11;CEXT_28_03_10;Guadeloupe;teleo
P1_F11;180504_SND405_A_L002_AIMI-11;CEXT_28_03_11;Guadeloupe;teleo
P1_F12;180504_SND405_A_L002_AIMI-11;CEXT_28_03_12;Guadeloupe;teleo
P1_G1;180504_SND405_A_L002_AIMI-11;SPY1;Other;teleo
P1_G2;180504_SND405_A_L002_AIMI-11;SPY2;Other;teleo
P1_G3;180504_SND405_A_L002_AIMI-11;SPY3;Other;teleo
P1_G4;180504_SND405_A_L002_AIMI-11;SPY4;Other;teleo
P1_G5;180504_SND405_A_L002_AIMI-11;SPY5;Other;teleo
P1_G6;180504_SND405_A_L002_AIMI-11;SPY6;Other;teleo
P1_G7;180504_SND405_A_L002_AIMI-11;SPY7;Other;teleo
P1_G8;180504_SND405_A_L002_AIMI-11;SPY8;Other;teleo
P1_G9;180504_SND405_A_L002_AIMI-11;SPY9;Other;teleo
P1_G10;180504_SND405_A_L002_AIMI-11;SPY10;Other;teleo
P1_G11;180504_SND405_A_L002_AIMI-11;SPY11;Other;teleo
P1_G12;180504_SND405_A_L002_AIMI-11;SPY12;Other;teleo
P1_H1;180504_SND405_A_L002_AIMI-11;SPY13;Other;teleo
P1_H2;180504_SND405_A_L002_AIMI-11;SPY14;Other;teleo
P1_H3;180504_SND405_A_L002_AIMI-11;SPY15;Other;teleo
P1_H4;180504_SND405_A_L002_AIMI-11;SPY16;Other;teleo
P1_H5;180504_SND405_A_L002_AIMI-11;SPY17;Other;teleo
P1_H6;180504_SND405_A_L002_AIMI-11;SPY18;Other;teleo
P1_H7;180504_SND405_A_L002_AIMI-11;SPY19;Other;teleo
P1_H8;180504_SND405_A_L002_AIMI-11;SPY20;Other;teleo
P1_H9;180504_SND405_A_L002_AIMI-11;SPY21;Other;teleo
P1_H10;180504_SND405_A_L002_AIMI-11;SPY22;Other;teleo
P1_H11;180504_SND405_A_L002_AIMI-11;SPY23;Other;teleo
P1_H12;180504_SND405_A_L002_AIMI-11;SPY24;Other;teleo
P2_A1;180504_SND405_A_L002_AIMI-11;SPY25;Other;teleo
P2_A2;180504_SND405_A_L002_AIMI-11;SPY26;Other;teleo
P2_A3;180504_SND405_A_L002_AIMI-11;SPY27;Other;teleo
P2_A4;180504_SND405_A_L002_AIMI-11;SPY28;Other;teleo
P2_A5;180504_SND405_A_L002_AIMI-11;SPY29;Other;teleo
P2_A6;180504_SND405_A_L002_AIMI-11;SPY30;Other;teleo
P2_A7;180504_SND405_A_L002_AIMI-11;SPY31;Other;teleo
P2_A8;180504_SND405_A_L002_AIMI-11;SPY32;Other;teleo
P2_A9;180504_SND405_A_L002_AIMI-11;SPY33;Other;teleo
P2_A10;180504_SND405_A_L002_AIMI-11;SPY34;Other;teleo
P2_A11;180504_SND405_A_L002_AIMI-11;SPY35;Other;teleo
P2_A12;180504_SND405_A_L002_AIMI-11;SPY36;Other;teleo
P2_B1;180504_SND405_A_L002_AIMI-11;SPY37;Other;teleo
P2_B2;180504_SND405_A_L002_AIMI-11;SPY38;Other;teleo
P2_B3;180504_SND405_A_L002_AIMI-11;SPY39;Other;teleo
P2_B4;180504_SND405_A_L002_AIMI-11;SPY40;Other;teleo
P2_B5;180504_SND405_A_L002_AIMI-11;SPY41;Other;teleo
P2_B6;180504_SND405_A_L002_AIMI-11;SPY42;Other;teleo
P2_B7;180504_SND405_A_L002_AIMI-11;SPY43;Other;teleo
P2_B8;180504_SND405_A_L002_AIMI-11;SPY44;Other;teleo
P2_B9;180504_SND405_A_L002_AIMI-11;SPY45;Other;teleo
P2_B10;180504_SND405_A_L002_AIMI-11;SPY46;Other;teleo
P2_B11;180504_SND405_A_L002_AIMI-11;SPY47;Other;teleo
P2_B12;180504_SND405_A_L002_AIMI-11;SPY48;Other;teleo
P2_C1;180504_SND405_A_L002_AIMI-11;SPY49;Other;teleo
P2_C2;180504_SND405_A_L002_AIMI-11;SPY50;Other;teleo
P2_C3;180504_SND405_A_L002_AIMI-11;SPY51;Other;teleo
P2_C4;180504_SND405_A_L002_AIMI-11;SPY52;Other;teleo
P2_C5;180504_SND405_A_L002_AIMI-11;SPY53;Other;teleo
P2_C6;180504_SND405_A_L002_AIMI-11;SPY54;Other;teleo
P2_C7;180504_SND405_A_L002_AIMI-11;SPY55;Other;teleo
P2_C8;180504_SND405_A_L002_AIMI-11;SPY56;Other;teleo
P2_C9;180504_SND405_A_L002_AIMI-11;SPY57;Other;teleo
P2_C10;180504_SND405_A_L002_AIMI-11;SPY58;Other;teleo
P2_C11;180504_SND405_A_L002_AIMI-11;SPY59;Other;teleo
P2_C12;180504_SND405_A_L002_AIMI-11;SPY60;Other;teleo
P2_D1;180504_SND405_A_L002_AIMI-11;SPY61;Other;teleo
P2_D2;180504_SND405_A_L002_AIMI-11;SPY62;Other;teleo
P2_D3;180504_SND405_A_L002_AIMI-11;SPY63;Other;teleo
P2_D4;180504_SND405_A_L002_AIMI-11;SPY64;Other;teleo
P2_D5;180504_SND405_A_L002_AIMI-11;SPY65;Other;teleo
P2_D6;180504_SND405_A_L002_AIMI-11;SPY66;Other;teleo
P2_D7;180504_SND405_A_L002_AIMI-11;SPY67;Other;teleo
P2_D8;180504_SND405_A_L002_AIMI-11;SPY68;Other;teleo
P2_D9;180504_SND405_A_L002_AIMI-11;SPY69;Other;teleo
P2_D10;180504_SND405_A_L002_AIMI-11;SPY70;Other;teleo
P2_D11;180504_SND405_A_L002_AIMI-11;SPY71;Other;teleo
P2_D12;180504_SND405_A_L002_AIMI-11;SPY72;Other;teleo
P2_E1;180504_SND405_A_L002_AIMI-11;SPY73;Other;teleo
P2_E2;180504_SND405_A_L002_AIMI-11;SPY74;Other;teleo
P2_E3;180504_SND405_A_L002_AIMI-11;SPY75;Other;teleo
P2_E4;180504_SND405_A_L002_AIMI-11;SPY76;Other;teleo
P2_E5;180504_SND405_A_L002_AIMI-11;SPY77;Other;teleo
P2_E6;180504_SND405_A_L002_AIMI-11;SPY78;Other;teleo
P2_E7;180504_SND405_A_L002_AIMI-11;SPY79;Other;teleo
P2_E8;180504_SND405_A_L002_AIMI-11;SPY80;Other;teleo
P2_E9;180504_SND405_A_L002_AIMI-11;SPY81;Other;teleo
P2_E10;180504_SND405_A_L002_AIMI-11;SPY82;Other;teleo
P2_E11;180504_SND405_A_L002_AIMI-11;SPY83;Other;teleo
P2_E12;180504_SND405_A_L002_AIMI-11;SPY84;Other;teleo
P2_F1;180504_SND405_A_L002_AIMI-11;SPY85;Other;teleo
P2_F2;180504_SND405_A_L002_AIMI-11;SPY86;Other;teleo
P2_F3;180504_SND405_A_L002_AIMI-11;SPY87;Other;teleo
P2_F4;180504_SND405_A_L002_AIMI-11;SPY88;Other;teleo
P2_F5;180504_SND405_A_L002_AIMI-11;SPY89;Other;teleo
P2_F6;180504_SND405_A_L002_AIMI-11;SPY90;Other;teleo
P2_F7;180504_SND405_A_L002_AIMI-11;SPY91;Other;teleo
P2_F8;180504_SND405_A_L002_AIMI-11;SPY92;Other;teleo
P2_F9;180504_SND405_A_L002_AIMI-11;SPY93;Other;teleo
P2_F10;180504_SND405_A_L002_AIMI-11;SPY94;Other;teleo
P2_F11;180504_SND405_A_L002_AIMI-11;SPY95;Other;teleo
P2_F12;180504_SND405_A_L002_AIMI-11;SPY96;Other;teleo
P2_G1;180504_SND405_A_L002_AIMI-11;SPY97;Other;teleo
P2_G2;180504_SND405_A_L002_AIMI-11;SPY98;Other;teleo
P2_G3;180504_SND405_A_L002_AIMI-11;SPY99;Other;teleo
P2_G4;180504_SND405_A_L002_AIMI-11;SPY100;Other;teleo
P2_G5;180504_SND405_A_L002_AIMI-11;SPY101;Other;teleo
P2_G6;180504_SND405_A_L002_AIMI-11;SPY102;Other;teleo
P2_G7;180504_SND405_A_L002_AIMI-11;SPY103;Other;teleo
P2_G8;180504_SND405_A_L002_AIMI-11;SPY104;Other;teleo
P2_G9;180504_SND405_A_L002_AIMI-11;SPY105;Other;teleo
P2_G10;180504_SND405_A_L002_AIMI-11;SPY106;Other;teleo
P2_G11;180504_SND405_A_L002_AIMI-11;SPY107;Other;teleo
P2_G12;180504_SND405_A_L002_AIMI-11;SPY108;Other;teleo
P2_H1;180504_SND405_A_L002_AIMI-11;SPY109;Other;teleo
P2_H2;180504_SND405_A_L002_AIMI-11;SPY110;Other;teleo
P2_H3;180504_SND405_A_L002_AIMI-11;SPY111;Other;teleo
P2_H4;180504_SND405_A_L002_AIMI-11;SPY112;Other;teleo
P2_H5;180504_SND405_A_L002_AIMI-11;SPY113;Other;teleo
P2_H6;180504_SND405_A_L002_AIMI-11;SPY114;Other;teleo
P2_H7;180504_SND405_A_L002_AIMI-11;SPY115;Other;teleo
P2_H8;180504_SND405_A_L002_AIMI-11;SPY116;Other;teleo
P2_H9;180504_SND405_A_L002_AIMI-11;SPY117;Other;teleo
P2_H10;180504_SND405_A_L002_AIMI-11;SPY118;Other;teleo
P2_H11;180504_SND405_A_L002_AIMI-11;SPY119;Other;teleo
P2_H12;180504_SND405_A_L002_AIMI-11;SPY120;Other;teleo
P3_A1;180504_SND405_A_L002_AIMI-11;SPY121;Other;teleo
P3_A2;180504_SND405_A_L002_AIMI-11;SPY122;Other;teleo
P3_A3;180504_SND405_A_L002_AIMI-11;SPY123;Other;teleo
P3_A4;180504_SND405_A_L002_AIMI-11;SPY124;Other;teleo
P3_A5;180504_SND405_A_L002_AIMI-11;SPY125;Other;teleo
P3_A6;180504_SND405_A_L002_AIMI-11;SPY126;Other;teleo
P3_A7;180504_SND405_A_L002_AIMI-11;SPY127;Other;teleo
P3_A8;180504_SND405_A_L002_AIMI-11;SPY128;Other;teleo
P3_A9;180504_SND405_A_L002_AIMI-11;SPY129;Other;teleo
P3_A10;180504_SND405_A_L002_AIMI-11;SPY130;Other;teleo
P3_A11;180504_SND405_A_L002_AIMI-11;SPY131;Other;teleo
P3_A12;180504_SND405_A_L002_AIMI-11;SPY132;Other;teleo
P3_B1;180504_SND405_A_L002_AIMI-11;SPY133;Other;teleo
P3_B2;180504_SND405_A_L002_AIMI-11;SPY134;Other;teleo
P3_B3;180504_SND405_A_L002_AIMI-11;SPY135;Other;teleo
P3_B4;180504_SND405_A_L002_AIMI-11;SPY136;Other;teleo
P3_B5;180504_SND405_A_L002_AIMI-11;SPY137;Other;teleo
P3_B6;180504_SND405_A_L002_AIMI-11;SPY138;Other;teleo
P3_B7;180504_SND405_A_L002_AIMI-11;SPY139;Other;teleo
P3_B8;180504_SND405_A_L002_AIMI-11;SPY140;Other;teleo
P3_B9;180504_SND405_A_L002_AIMI-11;SPY141;Other;teleo
P3_B10;180504_SND405_A_L002_AIMI-11;SPY142;Other;teleo
P3_B11;180504_SND405_A_L002_AIMI-11;SPY143;Other;teleo
P3_B12;180504_SND405_A_L002_AIMI-11;SPY144;Other;teleo
P3_C1;180504_SND405_A_L002_AIMI-11;SPY145;Other;teleo
P3_C2;180504_SND405_A_L002_AIMI-11;SPY146;Other;teleo
P3_C3;180504_SND405_A_L002_AIMI-11;SPY147;Other;teleo
P3_C4;180504_SND405_A_L002_AIMI-11;SPY148;Other;teleo
P3_C5;180504_SND405_A_L002_AIMI-11;SPY149;Other;teleo
P3_C6;180504_SND405_A_L002_AIMI-11;SPY150;Other;teleo
P3_C7;180504_SND405_A_L002_AIMI-11;SPY151;Other;teleo
P3_C8;180504_SND405_A_L002_AIMI-11;SPY152;Other;teleo
P3_C9;180504_SND405_A_L002_AIMI-11;SPY153;Other;teleo
P3_C10;180504_SND405_A_L002_AIMI-11;SPY154;Other;teleo
P3_C11;180504_SND405_A_L002_AIMI-11;SPY155;Other;teleo
P3_C12;180504_SND405_A_L002_AIMI-11;SPY156;Other;teleo
P3_D1;180504_SND405_A_L002_AIMI-11;SPY157;Other;teleo
P3_D2;180504_SND405_A_L002_AIMI-11;SPY158;Other;teleo
P3_D3;180504_SND405_A_L002_AIMI-11;SPY159;Other;teleo
P3_D4;180504_SND405_A_L002_AIMI-11;SPY160;Other;teleo
P3_D5;180504_SND405_A_L002_AIMI-11;SPY161;Other;teleo
P3_D6;180504_SND405_A_L002_AIMI-11;SPY162;Other;teleo
P3_D7;180504_SND405_A_L002_AIMI-11;SPY163;Other;teleo
P3_D8;180504_SND405_A_L002_AIMI-11;SPY164;Other;teleo
P3_D9;180504_SND405_A_L002_AIMI-11;SPY165;Other;teleo
P3_D10;180504_SND405_A_L002_AIMI-11;SPY166;Other;teleo
P3_D11;180504_SND405_A_L002_AIMI-11;SPY167;Other;teleo
P3_D12;180504_SND405_A_L002_AIMI-11;SPY168;Other;teleo
P3_E1;180504_SND405_A_L002_AIMI-11;SPY169;Other;teleo
P3_E2;180504_SND405_A_L002_AIMI-11;SPY170;Other;teleo
P3_E3;180504_SND405_A_L002_AIMI-11;SPY171;Other;teleo
P3_E4;180504_SND405_A_L002_AIMI-11;SPY172;Other;teleo
P3_E5;180504_SND405_A_L002_AIMI-11;SPY173;Other;teleo
P3_E6;180504_SND405_A_L002_AIMI-11;SPY174;Other;teleo
P3_E7;180504_SND405_A_L002_AIMI-11;SPY175;Other;teleo
P3_E8;180504_SND405_A_L002_AIMI-11;SPY176;Other;teleo
P3_E9;180504_SND405_A_L002_AIMI-11;SPY177;Other;teleo
P3_E10;180504_SND405_A_L002_AIMI-11;SPY178;Other;teleo
P3_E11;180504_SND405_A_L002_AIMI-11;SPY179;Other;teleo
P3_E12;180504_SND405_A_L002_AIMI-11;SPY180;Other;teleo
P3_F1;180504_SND405_A_L002_AIMI-11;SPY181;Other;teleo
P3_F2;180504_SND405_A_L002_AIMI-11;SPY182;Other;teleo
P3_F3;180504_SND405_A_L002_AIMI-11;SPY183;Other;teleo
P3_F4;180504_SND405_A_L002_AIMI-11;SPY184;Other;teleo
P3_F5;180504_SND405_A_L002_AIMI-11;SPY185;Other;teleo
P3_F6;180504_SND405_A_L002_AIMI-11;SPY186;Other;teleo
P3_F7;180504_SND405_A_L002_AIMI-11;SPY187;Other;teleo
P3_F8;180504_SND405_A_L002_AIMI-11;SPY188;Other;teleo
P3_F9;180504_SND405_A_L002_AIMI-11;SPY189;Other;teleo
P3_F10;180504_SND405_A_L002_AIMI-11;SPY190;Other;teleo
P3_F11;180504_SND405_A_L002_AIMI-11;SPY191;Other;teleo
P3_F12;180504_SND405_A_L002_AIMI-11;SPY192;Other;teleo
P3_G1;180504_SND405_A_L002_AIMI-11;SPY193;Other;teleo
P3_G2;180504_SND405_A_L002_AIMI-11;SPY194;Other;teleo
P3_G3;180504_SND405_A_L002_AIMI-11;SPY195;Other;teleo
P3_G4;180504_SND405_A_L002_AIMI-11;SPY196;Other;teleo
P3_G5;180504_SND405_A_L002_AIMI-11;SPY197;Other;teleo
P3_G6;180504_SND405_A_L002_AIMI-11;SPY198;Other;teleo
P3_G7;180504_SND405_A_L002_AIMI-11;SPY199;Other;teleo
P3_G8;180504_SND405_A_L002_AIMI-11;SPY200;Other;teleo
P3_G9;180504_SND405_A_L002_AIMI-11;SPY201;Other;teleo
P3_G10;180504_SND405_A_L002_AIMI-11;SPY202;Other;teleo
P3_G11;180504_SND405_A_L002_AIMI-11;SPY203;Other;teleo
P3_G12;180504_SND405_A_L002_AIMI-11;SPY204;Other;teleo
P3_H1;180504_SND405_A_L002_AIMI-11;SPY205;Other;teleo
P3_H2;180504_SND405_A_L002_AIMI-11;SPY206;Other;teleo
P3_H3;180504_SND405_A_L002_AIMI-11;SPY207;Other;teleo
P3_H4;180504_SND405_A_L002_AIMI-11;SPY208;Other;teleo
P3_H5;180504_SND405_A_L002_AIMI-11;SPY209;Other;teleo
P3_H6;180504_SND405_A_L002_AIMI-11;SPY210;Other;teleo
P3_H7;180504_SND405_A_L002_AIMI-11;SPY211;Other;teleo
P3_H8;180504_SND405_A_L002_AIMI-11;SPY212;Other;teleo
P3_H9;180504_SND405_A_L002_AIMI-11;SPY213;Other;teleo
P3_H10;180504_SND405_A_L002_AIMI-11;SPY214;Other;teleo
P3_H11;180504_SND405_A_L002_AIMI-11;SPY215;Other;teleo
P3_H12;180504_SND405_A_L002_AIMI-11;SPY216;Other;teleo
P4_A1;180504_SND405_A_L002_AIMI-11;SPY217;Other;teleo
P4_A2;180504_SND405_A_L002_AIMI-11;SPY218;Other;teleo
P4_A3;180504_SND405_A_L002_AIMI-11;SPY219;Other;teleo
P4_A4;180504_SND405_A_L002_AIMI-11;SPY220;Other;teleo
P4_A5;180504_SND405_A_L002_AIMI-11;SPY221;Other;teleo
P4_A6;180504_SND405_A_L002_AIMI-11;SPY222;Other;teleo
P4_A7;180504_SND405_A_L002_AIMI-11;SPY223;Other;teleo
P4_A8;180504_SND405_A_L002_AIMI-11;SPY224;Other;teleo
P4_A9;180504_SND405_A_L002_AIMI-11;SPY225;Other;teleo
P4_A10;180504_SND405_A_L002_AIMI-11;SPY226;Other;teleo
P4_A11;180504_SND405_A_L002_AIMI-11;SPY227;Other;teleo
P4_A12;180504_SND405_A_L002_AIMI-11;SPY228;Other;teleo
P4_B1;180504_SND405_A_L002_AIMI-11;SPY229;Other;teleo
P4_B2;180504_SND405_A_L002_AIMI-11;SPY230;Other;teleo
P4_B3;180504_SND405_A_L002_AIMI-11;SPY231;Other;teleo
P4_B4;180504_SND405_A_L002_AIMI-11;SPY232;Other;teleo
P4_B5;180504_SND405_A_L002_AIMI-11;SPY233;Other;teleo
P4_B6;180504_SND405_A_L002_AIMI-11;SPY234;Other;teleo
P4_B7;180504_SND405_A_L002_AIMI-11;SPY235;Other;teleo
P4_B8;180504_SND405_A_L002_AIMI-11;SPY236;Other;teleo
P4_B9;180504_SND405_A_L002_AIMI-11;SPY237;Other;teleo
P4_B10;180504_SND405_A_L002_AIMI-11;SPY238;Other;teleo
P4_B11;180504_SND405_A_L002_AIMI-11;SPY239;Other;teleo
P4_B12;180504_SND405_A_L002_AIMI-11;SPY240;Other;teleo
P4_C1;180504_SND405_A_L002_AIMI-11;SPY241;Other;teleo
P4_C2;180504_SND405_A_L002_AIMI-11;SPY242;Other;teleo
P4_C3;180504_SND405_A_L002_AIMI-11;SPY243;Other;teleo
P4_C4;180504_SND405_A_L002_AIMI-11;SPY244;Other;teleo
P4_C5;180504_SND405_A_L002_AIMI-11;SPY245;Other;teleo
P4_C6;180504_SND405_A_L002_AIMI-11;SPY246;Other;teleo
P4_C7;180504_SND405_A_L002_AIMI-11;SPY247;Other;teleo
P4_C8;180504_SND405_A_L002_AIMI-11;SPY248;Other;teleo
P4_C9;180504_SND405_A_L002_AIMI-11;SPY249;Other;teleo
P4_C10;180504_SND405_A_L002_AIMI-11;SPY250;Other;teleo
P4_C11;180504_SND405_A_L002_AIMI-11;SPY251;Other;teleo
P4_C12;180504_SND405_A_L002_AIMI-11;SPY252;Other;teleo
P4_D1;180504_SND405_A_L002_AIMI-11;SPY253;Other;teleo
P4_D2;180504_SND405_A_L002_AIMI-11;SPY254;Other;teleo
P4_D3;180504_SND405_A_L002_AIMI-11;SPY255;Other;teleo
P4_D4;180504_SND405_A_L002_AIMI-11;SPY256;Other;teleo
P4_D5;180504_SND405_A_L002_AIMI-11;SPY257;Other;teleo
P4_D6;180504_SND405_A_L002_AIMI-11;SPY258;Other;teleo
P4_D7;180504_SND405_A_L002_AIMI-11;SPY259;Other;teleo
P4_D8;180504_SND405_A_L002_AIMI-11;SPY260;Other;teleo
P4_D9;180504_SND405_A_L002_AIMI-11;SPY261;Other;teleo
P4_D10;180504_SND405_A_L002_AIMI-11;SPY262;Other;teleo
P4_D11;180504_SND405_A_L002_AIMI-11;SPY263;Other;teleo
P4_D12;180504_SND405_A_L002_AIMI-11;SPY264;Other;teleo
P4_E1;180504_SND405_A_L002_AIMI-11;SPY265;Other;teleo
P4_E2;180504_SND405_A_L002_AIMI-11;SPY266;Other;teleo
P4_E3;180504_SND405_A_L002_AIMI-11;SPY267;Other;teleo
P4_E4;180504_SND405_A_L002_AIMI-11;SPY268;Other;teleo
P4_E5;180504_SND405_A_L002_AIMI-11;SPY269;Other;teleo
P4_E6;180504_SND405_A_L002_AIMI-11;SPY270;Other;teleo
P4_E7;180504_SND405_A_L002_AIMI-11;SPY271;Other;teleo
P4_E8;180504_SND405_A_L002_AIMI-11;SPY272;Other;teleo
P4_E9;180504_SND405_A_L002_AIMI-11;SPY273;Other;teleo
P4_E10;180504_SND405_A_L002_AIMI-11;SPY274;Other;teleo
P4_E11;180504_SND405_A_L002_AIMI-11;SPY275;Other;teleo
P4_E12;180504_SND405_A_L002_AIMI-11;SPY276;Other;teleo
P4_F1;180504_SND405_A_L002_AIMI-11;SPY277;Other;teleo
P4_F2;180504_SND405_A_L002_AIMI-11;SPY278;Other;teleo
P4_F3;180504_SND405_A_L002_AIMI-11;SPY279;Other;teleo
P4_F4;180504_SND405_A_L002_AIMI-11;SPY280;Other;teleo
P4_F5;180504_SND405_A_L002_AIMI-11;SPY281;Other;teleo
P4_F6;180504_SND405_A_L002_AIMI-11;SPY282;Other;teleo
P4_F7;180504_SND405_A_L002_AIMI-11;SPY283;Other;teleo
P4_F8;180504_SND405_A_L002_AIMI-11;SPY284;Other;teleo
P4_F9;180504_SND405_A_L002_AIMI-11;SPY285;Other;teleo
P4_F10;180504_SND405_A_L002_AIMI-11;SPY286;Other;teleo
P4_F11;180504_SND405_A_L002_AIMI-11;SPY287;Other;teleo
P4_F12;180504_SND405_A_L002_AIMI-11;SPY288;Other;teleo
P4_G1;180504_SND405_A_L002_AIMI-11;SPY289;Other;teleo
P4_G2;180504_SND405_A_L002_AIMI-11;SPY290;Other;teleo
P4_G3;180504_SND405_A_L002_AIMI-11;SPY291;Other;teleo
P4_G4;180504_SND405_A_L002_AIMI-11;SPY292;Other;teleo
P4_G5;180504_SND405_A_L002_AIMI-11;SPY293;Other;teleo
P4_G6;180504_SND405_A_L002_AIMI-11;SPY294;Other;teleo
P4_G7;180504_SND405_A_L002_AIMI-11;SPY295;Other;teleo
P4_G8;180504_SND405_A_L002_AIMI-11;SPY296;Other;teleo
P4_G9;180504_SND405_A_L002_AIMI-11;SPY297;Other;teleo
P4_G10;180504_SND405_A_L002_AIMI-11;SPY298;Other;teleo
P4_G11;180504_SND405_A_L002_AIMI-11;SPY299;Other;teleo
P4_G12;180504_SND405_A_L002_AIMI-11;SPY300;Other;teleo
P4_H1;180504_SND405_A_L002_AIMI-11;SPY301;Other;teleo
P4_H2;180504_SND405_A_L002_AIMI-11;SPY302;Other;teleo
P4_H3;180504_SND405_A_L002_AIMI-11;SPY303;Other;teleo
P4_H4;180504_SND405_A_L002_AIMI-11;SPY304;Other;teleo
P4_H5;180504_SND405_A_L002_AIMI-11;SPY305;Other;teleo
P4_H6;180504_SND405_A_L002_AIMI-11;SPY306;Other;teleo
P4_H7;180504_SND405_A_L002_AIMI-11;SPY307;Other;teleo
P4_H8;180504_SND405_A_L002_AIMI-11;SPY308;Other;teleo
P4_H9;180504_SND405_A_L002_AIMI-11;SPY309;Other;teleo
P4_H10;180504_SND405_A_L002_AIMI-11;SPY310;Other;teleo
P4_H11;180504_SND405_A_L002_AIMI-11;SPY311;Other;teleo
P4_H12;180504_SND405_A_L002_AIMI-11;SPY312;Other;teleo
P1_A1;180504_SND405_A_L001_AIMI-10;SPY173250;Guadeloupe;vert
P1_B1;180504_SND405_A_L001_AIMI-10;SPY173251;Guadeloupe;vert
P1_C1;180504_SND405_A_L001_AIMI-10;SPY173252;Guadeloupe;vert
P1_D1;180504_SND405_A_L001_AIMI-10;SPY173253;Guadeloupe;vert
P1_E1;180504_SND405_A_L001_AIMI-10;SPY173254;Guadeloupe;vert
P1_F1;180504_SND405_A_L001_AIMI-10;SPY173255;Guadeloupe;vert
P1_G1;180504_SND405_A_L001_AIMI-10;SPY173256;Guadeloupe;vert
P1_H1;180504_SND405_A_L001_AIMI-10;SPY173257;Guadeloupe;vert
P1_A3;180504_SND405_A_L001_AIMI-10;SPY173258;Guadeloupe;vert
P1_B3;180504_SND405_A_L001_AIMI-10;SPY173259;Guadeloupe;vert
P1_C3;180504_SND405_A_L001_AIMI-10;SPY173260;Guadeloupe;vert
P1_D3;180504_SND405_A_L001_AIMI-10;SPY173261;Guadeloupe;vert
P1_E3;180504_SND405_A_L001_AIMI-10;SPY173262;Guadeloupe;vert
P1_F3;180504_SND405_A_L001_AIMI-10;SPY173263;Guadeloupe;vert
P1_G3;180504_SND405_A_L001_AIMI-10;SPY173264;Guadeloupe;vert
P1_H3;180504_SND405_A_L001_AIMI-10;SPY173265;Guadeloupe;vert
P1_A5;180504_SND405_A_L001_AIMI-10;SPY173266;Guadeloupe;vert
P1_B5;180504_SND405_A_L001_AIMI-10;CEXT_27_03;Guadeloupe;vert
P1_C5;180504_SND405_A_L001_AIMI-10;SPY173267;Guadeloupe;vert
P1_D5;180504_SND405_A_L001_AIMI-10;SPY173268;Guadeloupe;vert
P1_E5;180504_SND405_A_L001_AIMI-10;CPCR_V1;Guadeloupe;vert
P1_F5;180504_SND405_A_L001_AIMI-10;SPY1;Other;vert
P1_G5;180504_SND405_A_L001_AIMI-10;SPY2;Other;vert
P1_H5;180504_SND405_A_L001_AIMI-10;SPY3;Other;vert
P1_A7;180504_SND405_A_L001_AIMI-10;SPY4;Other;vert
P1_B7;180504_SND405_A_L001_AIMI-10;SPY5;Other;vert
P1_C7;180504_SND405_A_L001_AIMI-10;SPY6;Other;vert
P1_E5;180504_SND405_A_L002_AIMI-11;SPY7;Other;vert
P1_F5;180504_SND405_A_L002_AIMI-11;SPY8;Other;vert
P1_G5;180504_SND405_A_L002_AIMI-11;SPY9;Other;vert
P1_H5;180504_SND405_A_L002_AIMI-11;SPY10;Other;vert
P1_A3;180504_SND405_A_L002_AIMI-11;SPY173273;Guadeloupe;vert
P1_B3;180504_SND405_A_L002_AIMI-11;SPY173274;Guadeloupe;vert
P1_C3;180504_SND405_A_L002_AIMI-11;SPY173275;Guadeloupe;vert
P1_D3;180504_SND405_A_L002_AIMI-11;SPY173276;Guadeloupe;vert
P1_E3;180504_SND405_A_L002_AIMI-11;SPY173278;Guadeloupe;vert
P1_F3;180504_SND405_A_L002_AIMI-11;SPY173279;Guadeloupe;vert
P1_G3;180504_SND405_A_L002_AIMI-11;SPY173280;Guadeloupe;vert
P1_H3;180504_SND405_A_L002_AIMI-11;SPY173281;Guadeloupe;vert
P1_A5;180504_SND405_A_L002_AIMI-11;SPY173282;Guadeloupe;vert
P1_B5;180504_SND405_A_L002_AIMI-11;SPY173283;Guadeloupe;vert
P1_C5;180504_SND405_A_L002_AIMI-11;CMET_20_03;Guadeloupe;vert
P1_D5;180504_SND405_A_L002_AIMI-11;CEXT_28_03;Guadeloupe;vert
P1_C7;180504_SND405_A_L002_AIMI-11;CPCR_V2;Guadeloupe;vert
P1_D7;180504_SND405_A_L002_AIMI-11;SPY173269;Guadeloupe;vert
P1_E7;180504_SND405_A_L002_AIMI-11;SPY173270;Guadeloupe;vert
P1_F7;180504_SND405_A_L002_AIMI-11;SPY173271;Guadeloupe;vert
P1_G7;180504_SND405_A_L002_AIMI-11;SPY173272;Guadeloupe;vert
P1_H7;180504_SND405_A_L002_AIMI-11;SPY180501;Guadeloupe;vert
P1_A1;180504_SND405_A_L001_AIMI-10;SPY173250;Guadeloupe;mamm
P1_B1;180504_SND405_A_L001_AIMI-10;SPY173251;Guadeloupe;mamm
P1_C1;180504_SND405_A_L001_AIMI-10;SPY173252;Guadeloupe;mamm
P1_D1;180504_SND405_A_L001_AIMI-10;SPY173253;Guadeloupe;mamm
P1_E1;180504_SND405_A_L001_AIMI-10;SPY173254;Guadeloupe;mamm
P1_F1;180504_SND405_A_L001_AIMI-10;SPY173255;Guadeloupe;mamm
P1_G1;180504_SND405_A_L001_AIMI-10;SPY173256;Guadeloupe;mamm
P1_H1;180504_SND405_A_L001_AIMI-10;SPY173257;Guadeloupe;mamm
P1_A3;180504_SND405_A_L001_AIMI-10;SPY173258;Guadeloupe;mamm
P1_B3;180504_SND405_A_L001_AIMI-10;SPY173259;Guadeloupe;mamm
P1_C3;180504_SND405_A_L001_AIMI-10;SPY173260;Guadeloupe;mamm
P1_D3;180504_SND405_A_L001_AIMI-10;SPY173261;Guadeloupe;mamm
P1_E3;180504_SND405_A_L001_AIMI-10;SPY173262;Guadeloupe;mamm
P1_F3;180504_SND405_A_L001_AIMI-10;SPY173263;Guadeloupe;mamm
P1_G3;180504_SND405_A_L001_AIMI-10;SPY173264;Guadeloupe;mamm
P1_H3;180504_SND405_A_L001_AIMI-10;SPY173265;Guadeloupe;mamm
P1_A5;180504_SND405_A_L001_AIMI-10;SPY173266;Guadeloupe;mamm
P1_B5;180504_SND405_A_L001_AIMI-10;CEXT_27_03;Guadeloupe;mamm
P1_C5;180504_SND405_A_L001_AIMI-10;CPCR_M1;Guadeloupe;mamm
P1_D5;180504_SND405_A_L002_AIMI-11;SPY173267;Guadeloupe;mamm
P1_E5;180504_SND405_A_L002_AIMI-11;SPY173268;Guadeloupe;mamm
P1_F5;180504_SND405_A_L002_AIMI-11;SPY173269;Guadeloupe;mamm
P1_G5;180504_SND405_A_L002_AIMI-11;SPY173270;Guadeloupe;mamm
P1_H5;180504_SND405_A_L002_AIMI-11;SPY173271;Guadeloupe;mamm
P1_A7;180504_SND405_A_L002_AIMI-11;SPY173272;Guadeloupe;mamm
P1_B7;180504_SND405_A_L002_AIMI-11;SPY180501;Guadeloupe;mamm
P1_C7;180504_SND405_A_L002_AIMI-11;SPY173273;Guadeloupe;mamm
P1_D7;180504_SND405_A_L002_AIMI-11;SPY173274;Guadeloupe;mamm
P1_E7;180504_SND405_A_L002_AIMI-11;SPY173275;Guadeloupe;mamm
P1_F7;180504_SND405_A_L002_AIMI-11;SPY173276;Guadeloupe;mamm
P1_G7;180504_SND405_A_L002_AIMI-11;SPY173278;Guadeloupe;mamm
P1_H7;180504_SND405_A_L002_AIMI-11;SPY173279;Guadeloupe;mamm
P1_A9;180504_SND405_A_L002_AIMI-11;SPY173280;Guadeloupe;mamm
P1_B9;180504_SND405_A_L002_AIMI-11;SPY173281;Guadeloupe;mamm
P1_C9;180504_SND405_A_L002_AIMI-11;SPY173282;Guadeloupe;mamm
P1_D9;180504_SND405_A_L002_AIMI-11;SPY173283;Guadeloupe;mamm
P1_E9;180504_SND405_A_L002_AIMI-11;CMET_20_03;Guadeloupe;mamm
P1_F9;180504_SND405_A_L002_AIMI-11;CEXT_28_03;Guadeloupe;mamm
P1_G9;180504_SND405_A_L002_AIMI-11;CPCR_M2;Guadeloupe;mamm
P1_A1;180430_SN234_A_L001_AIMI-9;SPY173250;Guadeloupe;chond
P1_B1;180430_SN234_A_L001_AIMI-9;SPY173251;Guadeloupe;chond
P1_C1;180430_SN234_A_L001_AIMI-9;SPY173252;Guadeloupe;chond
P1_D1;180430_SN234_A_L001_AIMI-9;SPY173253;Guadeloupe;chond
P1_E1;180430_SN234_A_L001_AIMI-9;SPY173254;Guadeloupe;chond
P1_F1;180430_SN234_A_L001_AIMI-9;SPY173255;Guadeloupe;chond
P1_G1;180430_SN234_A_L001_AIMI-9;SPY173256;Guadeloupe;chond
P1_H1;180430_SN234_A_L001_AIMI-9;SPY173257;Guadeloupe;chond
P1_A3;180430_SN234_A_L001_AIMI-9;SPY173258;Guadeloupe;chond
P1_B3;180430_SN234_A_L001_AIMI-9;SPY173259;Guadeloupe;chond
P1_C3;180430_SN234_A_L001_AIMI-9;CEXT-2703;Guadeloupe;chond
P1_D3;180430_SN234_A_L001_AIMI-9;CPCR_C1;Guadeloupe;chond
P1_A1;180504_SND405_A_L001_AIMI-10;SPY173260;Guadeloupe;chond
P1_B1;180504_SND405_A_L001_AIMI-10;SPY173261;Guadeloupe;chond
P1_C1;180504_SND405_A_L001_AIMI-10;SPY173262;Guadeloupe;chond
P1_D1;180504_SND405_A_L001_AIMI-10;SPY173263;Guadeloupe;chond
P1_E1;180504_SND405_A_L001_AIMI-10;SPY173264;Guadeloupe;chond
P1_F1;180504_SND405_A_L001_AIMI-10;SPY173265;Guadeloupe;chond
P1_G1;180504_SND405_A_L001_AIMI-10;SPY173266;Guadeloupe;chond
P1_H1;180504_SND405_A_L001_AIMI-10;SPY173267;Guadeloupe;chond
P1_A3;180504_SND405_A_L001_AIMI-10;SPY173268;Guadeloupe;chond
P1_B3;180504_SND405_A_L001_AIMI-10;SPY173269;Guadeloupe;chond
P1_C3;180504_SND405_A_L001_AIMI-10;SPY173270;Guadeloupe;chond
P1_D3;180504_SND405_A_L001_AIMI-10;SPY173271;Guadeloupe;chond
P1_E3;180504_SND405_A_L001_AIMI-10;CMET_20_03;Guadeloupe;chond
P1_F3;180504_SND405_A_L001_AIMI-10;CEXT_28_03;Guadeloupe;chond
P1_G3;180504_SND405_A_L001_AIMI-10;CPCR_C2;Guadeloupe;chond
P1_H3;180504_SND405_A_L002_AIMI-11;SPY173272;Guadeloupe;chond
P1_A5;180504_SND405_A_L002_AIMI-11;SPY180501;Guadeloupe;chond
P1_B5;180504_SND405_A_L002_AIMI-11;SPY173273;Guadeloupe;chond
P1_C5;180504_SND405_A_L002_AIMI-11;SPY173274;Guadeloupe;chond
P1_D5;180504_SND405_A_L002_AIMI-11;SPY173275;Guadeloupe;chond
P1_E5;180504_SND405_A_L002_AIMI-11;SPY173276;Guadeloupe;chond
P1_F5;180504_SND405_A_L002_AIMI-11;SPY173278;Guadeloupe;chond
P1_G5;180504_SND405_A_L002_AIMI-11;SPY173279;Guadeloupe;chond
P1_H5;180504_SND405_A_L002_AIMI-11;SPY173280;Guadeloupe;chond
P1_A7;180504_SND405_A_L002_AIMI-11;SPY173281;Guadeloupe;chond
P1_B7;180504_SND405_A_L002_AIMI-11;SPY173282;Guadeloupe;chond
P1_C7;180504_SND405_A_L002_AIMI-11;SPY173283;Guadeloupe;chond
P1_E3;180430_SN234_A_L001_AIMI-9;Blank1;Blank;chond
P1_F3;180430_SN234_A_L001_AIMI-9;Blank2;Blank;chond
P1_G3;180430_SN234_A_L001_AIMI-9;Blank3;Blank;chond
P1_H3;180430_SN234_A_L001_AIMI-9;Blank4;Blank;chond
P1_A5;180430_SN234_A_L001_AIMI-9;Blank5;Blank;chond
P1_B5;180430_SN234_A_L001_AIMI-9;Blank6;Blank;chond
P1_C5;180430_SN234_A_L001_AIMI-9;Blank7;Blank;chond
P1_D5;180430_SN234_A_L001_AIMI-9;Blank8;Blank;chond
P1_E5;180430_SN234_A_L001_AIMI-9;Blank9;Blank;chond
P1_F5;180430_SN234_A_L001_AIMI-9;Blank10;Blank;chond
P1_G5;180430_SN234_A_L001_AIMI-9;Blank11;Blank;chond
P1_H5;180430_SN234_A_L001_AIMI-9;Blank12;Blank;chond
P1_A7;180430_SN234_A_L001_AIMI-9;Blank13;Blank;chond
P1_B7;180430_SN234_A_L001_AIMI-9;Blank14;Blank;chond
P1_C7;180430_SN234_A_L001_AIMI-9;Blank15;Blank;chond
P1_D7;180430_SN234_A_L001_AIMI-9;Blank16;Blank;chond
P1_E7;180430_SN234_A_L001_AIMI-9;Blank17;Blank;chond
P1_F7;180430_SN234_A_L001_AIMI-9;Blank18;Blank;chond
P1_H3;180504_SND405_A_L001_AIMI-10;Blank19;Blank;chond
P1_A5;180504_SND405_A_L001_AIMI-10;Blank20;Blank;chond
P1_B5;180504_SND405_A_L001_AIMI-10;Blank21;Blank;chond
P1_C5;180504_SND405_A_L001_AIMI-10;Blank22;Blank;chond
P1_D5;180504_SND405_A_L001_AIMI-10;Blank23;Blank;chond
P1_E5;180504_SND405_A_L001_AIMI-10;Blank24;Blank;chond
P1_F5;180504_SND405_A_L001_AIMI-10;Blank25;Blank;chond
P1_G5;180504_SND405_A_L001_AIMI-10;Blank26;Blank;chond
P1_H5;180504_SND405_A_L001_AIMI-10;Blank27;Blank;chond
P1_A7;180504_SND405_A_L001_AIMI-10;Blank28;Blank;chond
P1_B7;180504_SND405_A_L001_AIMI-10;Blank29;Blank;chond
P1_C7;180504_SND405_A_L001_AIMI-10;Blank30;Blank;chond
P1_D7;180504_SND405_A_L001_AIMI-10;Blank31;Blank;chond
P1_E7;180504_SND405_A_L001_AIMI-10;Blank32;Blank;chond
P1_F7;180504_SND405_A_L001_AIMI-10;Blank33;Blank;chond
P1_A1;180504_SND405_A_L002_AIMI-11;Blank34;Blank;chond
P1_B1;180504_SND405_A_L002_AIMI-11;Blank35;Blank;chond
P1_C1;180504_SND405_A_L002_AIMI-11;Blank36;Blank;chond
P1_D1;180504_SND405_A_L002_AIMI-11;Blank37;Blank;chond
P1_E1;180504_SND405_A_L002_AIMI-11;Blank38;Blank;chond
P1_F1;180504_SND405_A_L002_AIMI-11;Blank39;Blank;chond
P1_G1;180504_SND405_A_L002_AIMI-11;Blank40;Blank;chond
P1_H1;180504_SND405_A_L002_AIMI-11;Blank41;Blank;chond
P1_A3;180504_SND405_A_L002_AIMI-11;Blank42;Blank;chond
P1_B3;180504_SND405_A_L002_AIMI-11;Blank43;Blank;chond
P1_C3;180504_SND405_A_L002_AIMI-11;Blank44;Blank;chond
P1_D3;180504_SND405_A_L002_AIMI-11;Blank45;Blank;chond
P1_E3;180504_SND405_A_L002_AIMI-11;Blank46;Blank;chond
P1_F3;180504_SND405_A_L002_AIMI-11;Blank47;Blank;chond
P1_G3;180504_SND405_A_L002_AIMI-11;Blank48;Blank;chond
P1_D7;180504_SND405_A_L002_AIMI-11;Blank49;Blank;chond
P1_E7;180504_SND405_A_L002_AIMI-11;Blank50;Blank;chond
P1_F7;180504_SND405_A_L002_AIMI-11;Blank51;Blank;chond
P1_D5;180504_SND405_A_L001_AIMI-10;Blank52;Blank;mamm
P1_E5;180504_SND405_A_L001_AIMI-10;Blank53;Blank;mamm
P1_F5;180504_SND405_A_L001_AIMI-10;Blank54;Blank;mamm
P1_G5;180504_SND405_A_L001_AIMI-10;Blank55;Blank;mamm
P1_H5;180504_SND405_A_L001_AIMI-10;Blank56;Blank;mamm
P1_A7;180504_SND405_A_L001_AIMI-10;Blank57;Blank;mamm
P1_B7;180504_SND405_A_L001_AIMI-10;Blank58;Blank;mamm
P1_C7;180504_SND405_A_L001_AIMI-10;Blank59;Blank;mamm
P1_D7;180504_SND405_A_L001_AIMI-10;Blank60;Blank;mamm
P1_E7;180504_SND405_A_L001_AIMI-10;Blank61;Blank;mamm
P1_F7;180504_SND405_A_L001_AIMI-10;Blank62;Blank;mamm
P1_G7;180504_SND405_A_L001_AIMI-10;Blank63;Blank;mamm
P1_H7;180504_SND405_A_L001_AIMI-10;Blank64;Blank;mamm
P1_A9;180504_SND405_A_L001_AIMI-10;Blank65;Blank;mamm
P1_B9;180504_SND405_A_L001_AIMI-10;Blank66;Blank;mamm
P1_C9;180504_SND405_A_L001_AIMI-10;Blank67;Blank;mamm
P1_D9;180504_SND405_A_L001_AIMI-10;Blank68;Blank;mamm
P1_E9;180504_SND405_A_L001_AIMI-10;Blank69;Blank;mamm
P1_F9;180504_SND405_A_L001_AIMI-10;Blank70;Blank;mamm
P1_G9;180504_SND405_A_L001_AIMI-10;Blank71;Blank;mamm
P1_H9;180504_SND405_A_L001_AIMI-10;Blank72;Blank;mamm
P1_A11;180504_SND405_A_L001_AIMI-10;Blank73;Blank;mamm
P1_B11;180504_SND405_A_L001_AIMI-10;Blank74;Blank;mamm
P1_C11;180504_SND405_A_L001_AIMI-10;Blank75;Blank;mamm
P1_D11;180504_SND405_A_L001_AIMI-10;Blank76;Blank;mamm
P1_E11;180504_SND405_A_L001_AIMI-10;Blank77;Blank;mamm
P1_F11;180504_SND405_A_L001_AIMI-10;Blank78;Blank;mamm
P1_G11;180504_SND405_A_L001_AIMI-10;Blank79;Blank;mamm
P1_H11;180504_SND405_A_L001_AIMI-10;Blank80;Blank;mamm
P2_A1;180504_SND405_A_L001_AIMI-10;Blank81;Blank;mamm
P2_B1;180504_SND405_A_L001_AIMI-10;Blank82;Blank;mamm
P1_A1;180504_SND405_A_L002_AIMI-11;Blank83;Blank;mamm
P1_B1;180504_SND405_A_L002_AIMI-11;Blank84;Blank;mamm
P1_C1;180504_SND405_A_L002_AIMI-11;Blank85;Blank;mamm
P1_D1;180504_SND405_A_L002_AIMI-11;Blank86;Blank;mamm
P1_E1;180504_SND405_A_L002_AIMI-11;Blank87;Blank;mamm
P1_F1;180504_SND405_A_L002_AIMI-11;Blank88;Blank;mamm
P1_G1;180504_SND405_A_L002_AIMI-11;Blank89;Blank;mamm
P1_H1;180504_SND405_A_L002_AIMI-11;Blank90;Blank;mamm
P1_A3;180504_SND405_A_L002_AIMI-11;Blank91;Blank;mamm
P1_B3;180504_SND405_A_L002_AIMI-11;Blank92;Blank;mamm
P1_C3;180504_SND405_A_L002_AIMI-11;Blank93;Blank;mamm
P1_D3;180504_SND405_A_L002_AIMI-11;Blank94;Blank;mamm
P1_E3;180504_SND405_A_L002_AIMI-11;Blank95;Blank;mamm
P1_F3;180504_SND405_A_L002_AIMI-11;Blank96;Blank;mamm
P1_G3;180504_SND405_A_L002_AIMI-11;Blank97;Blank;mamm
P1_H3;180504_SND405_A_L002_AIMI-11;Blank98;Blank;mamm
P1_A5;180504_SND405_A_L002_AIMI-11;Blank99;Blank;mamm
P1_B5;180504_SND405_A_L002_AIMI-11;Blank100;Blank;mamm
P1_C5;180504_SND405_A_L002_AIMI-11;Blank101;Blank;mamm
P1_H9;180504_SND405_A_L002_AIMI-11;Blank102;Blank;mamm
P1_A11;180504_SND405_A_L002_AIMI-11;Blank103;Blank;mamm
P1_B11;180504_SND405_A_L002_AIMI-11;Blank104;Blank;mamm
P1_C11;180504_SND405_A_L002_AIMI-11;Blank105;Blank;mamm
P1_D11;180504_SND405_A_L002_AIMI-11;Blank106;Blank;mamm
P1_E11;180504_SND405_A_L002_AIMI-11;Blank107;Blank;mamm
P1_F11;180504_SND405_A_L002_AIMI-11;Blank108;Blank;mamm
P1_G11;180504_SND405_A_L002_AIMI-11;Blank109;Blank;mamm
P1_H11;180504_SND405_A_L002_AIMI-11;Blank110;Blank;mamm
P2_A1;180504_SND405_A_L002_AIMI-11;Blank111;Blank;mamm
P2_B1;180504_SND405_A_L002_AIMI-11;Blank112;Blank;mamm
P1_D7;180504_SND405_A_L001_AIMI-10;Blank113;Blank;vert
P1_E7;180504_SND405_A_L001_AIMI-10;Blank114;Blank;vert
P1_F7;180504_SND405_A_L001_AIMI-10;Blank115;Blank;vert
P1_G7;180504_SND405_A_L001_AIMI-10;Blank116;Blank;vert
P1_H7;180504_SND405_A_L001_AIMI-10;Blank117;Blank;vert
P1_A1;180504_SND405_A_L002_AIMI-11;Blank118;Blank;vert
P1_B1;180504_SND405_A_L002_AIMI-11;Blank119;Blank;vert
P1_C1;180504_SND405_A_L002_AIMI-11;Blank120;Blank;vert
P1_D1;180504_SND405_A_L002_AIMI-11;Blank121;Blank;vert
P1_E1;180504_SND405_A_L002_AIMI-11;Blank122;Blank;vert
P1_F1;180504_SND405_A_L002_AIMI-11;Blank123;Blank;vert
P1_G1;180504_SND405_A_L002_AIMI-11;Blank124;Blank;vert
P1_H1;180504_SND405_A_L002_AIMI-11;Blank125;Blank;vert
P1_A7;180504_SND405_A_L002_AIMI-11;Blank126;Blank;vert
P1_B7;180504_SND405_A_L002_AIMI-11;Blank127;Blank;vert
